<?xml version="1.0" encoding="UTF-8"?>
<project-private xmlns="http://www.netbeans.org/ns/project-private/1">
    <editor-bookmarks xmlns="http://www.netbeans.org/ns/editor-bookmarks/2" lastBookmarkId="0"/>
    <open-files xmlns="http://www.netbeans.org/ns/projectui-open-files/2">
        <group>
            <file>file:/C:/Users/anfer/OneDrive/Escritorio/4%20semestre/Costruccion%20de%20software%20II/5%20FINAL/ProyectoFinalWYHJ/src/GUI/Regitrar_articulo.java</file>
            <file>file:/C:/Users/anfer/OneDrive/Escritorio/4%20semestre/Costruccion%20de%20software%20II/5%20FINAL/ProyectoFinalWYHJ/src/GUI/frmPrincipal.java</file>
            <file>file:/C:/Users/anfer/OneDrive/Escritorio/4%20semestre/Costruccion%20de%20software%20II/5%20FINAL/ProyectoFinalWYHJ/src/GUI/Clientes.java</file>
            <file>file:/C:/Users/anfer/OneDrive/Escritorio/4%20semestre/Costruccion%20de%20software%20II/5%20FINAL/ProyectoFinalWYHJ/src/GUI/Registro_empleado.java</file>
            <file>file:/C:/Users/anfer/OneDrive/Escritorio/4%20semestre/Costruccion%20de%20software%20II/5%20FINAL/ProyectoFinalWYHJ/src/GUI/frmSplash.java</file>
            <file>file:/C:/Users/anfer/OneDrive/Escritorio/4%20semestre/Costruccion%20de%20software%20II/5%20FINAL/ProyectoFinalWYHJ/src/GUI/admin.java</file>
            <file>file:/C:/Users/anfer/OneDrive/Escritorio/4%20semestre/Costruccion%20de%20software%20II/5%20FINAL/ProyectoFinalWYHJ/src/GUI/frmVendioP.java</file>
            <file>file:/C:/Users/anfer/OneDrive/Escritorio/4%20semestre/Costruccion%20de%20software%20II/5%20FINAL/ProyectoFinalWYHJ/src/GUI/frmclientes.java</file>
            <file>file:/C:/Users/anfer/OneDrive/Escritorio/4%20semestre/Costruccion%20de%20software%20II/5%20FINAL/ProyectoFinalWYHJ/src/GUI/frmVentasVendedor.java</file>
            <file>file:/C:/Users/anfer/OneDrive/Escritorio/4%20semestre/Costruccion%20de%20software%20II/5%20FINAL/ProyectoFinalWYHJ/src/GUI/Lventas.java</file>
            <file>file:/C:/Users/anfer/OneDrive/Escritorio/4%20semestre/Costruccion%20de%20software%20II/5%20FINAL/ProyectoFinalWYHJ/src/GUI/frmCompras.java</file>
            <file>file:/C:/Users/anfer/OneDrive/Escritorio/4%20semestre/Costruccion%20de%20software%20II/5%20FINAL/ProyectoFinalWYHJ/src/GUI/Lempleados.java</file>
        </group>
    </open-files>
</project-private>
